<?xml version="1.0"?>
<ConfigLinks xmlns:xsi="http://www.w3.org/2001/XMLSchema-instance">
	<Vendor VendorID="#xE000059D" VendorName="Texas Instruments Incorporated">
		<Config Name="TI AM335x Sample" Info="Shall be set if the Slave code executes on an AM335x device (CPU: ARM Cortex-A8). The application should run on an ICE/IDK Evaluation Board
from Texas Instruments and requires the IA-SDK for building the project.
This file is included in the TI SDK (http://www.ti.com/tool/sysbiossdk-ind-sitara). e.g. c:\ti\am335x_sysbios_ind_sdk_x.x.x.x\sdk\protocols\ethercat_slave\ecat_appl\patch\TI_AM335x_xixixix.xml
Contact Texas Instruments for any further information." Path=""></Config>
		<Config Name="TI C28xx Sample (include sample application) with ET1100 ESC(ASYNC16 PDI) on TMDSECATCNCD379D kit " Info="Create a SSC Tool Configuration for the TI C28xx MCU. The slave stack code and application running on a C28x MCU and the ESC is ET1100 and the PDI is ASYNC16. This config includes an echo back sample application
Required download : http://www.ti.com/tool/controlsuite"></Config>
		<Config Name="TI C28xx Sample (include sample application) with ET1100 ESC(SPI PDI) on TMDSECATCNCD379D kit " Info="Create a SSC Tool Configuration for the TI C28xx MCU. The slave stack code and application running on a C28x MCU and the ESC is ET1100 and the PDI is SPI. This config includes an echo back sample application
Required download : http://www.ti.com/tool/controlsuite"></Config>
		<Config Name="TI C28xx Sample with ET1100 ESC(ASYNC16 PDI) on TMDSECATCNCD379D kit" Info="Create a SSC Tool Configuration for the TI C28xx MCU. The slave stack code and application running on a C28x MCU and the ESC is ET1100 and the PDI is ASYNC16
Required download : http://www.ti.com/tool/controlsuite"></Config>
		<Config Name="TI C28xx Sample with ET1100 ESC(SPI PDI) on TMDSECATCNCD379D kit" Info="Create a SSC Tool Configuration for the TI C28xx MCU. The slave stack code and application running on a C28x MCU and the ESC is ET1100 and the PDI is SPI
Required download : http://www.ti.com/tool/controlsuite"></Config>
	</Vendor>
	<Vendor VendorID="#xE052454C" VendorName="Renesas Electronics">
		<Config Name="Renesas R-IN32M3-EC" Info="Shall be set if the Slave code executes on an Renesas development board for the R-IN32M3-EC.
This file is included in the Renesas SDK (http://japan.renesas.com/). Contact Renesas Electronics for any further information." Path=""></Config>
	</Vendor>
	<Vendor VendorID="#xE000115C" VendorName="Profichip GmbH">
		<Config Name="profichip PAAE1100-EC" Info="Shall be set if the Slave code executes on a profichip PAAE1100-EC (Antaios EtherCAT Evaluation Kit)" Path=""></Config>
	</Vendor>
	<Vendor VendorID="#x00000824" VendorName="Spansion Inc.">
		<Config Name="SK-FM3-176PMC-FA _ Hardware Only" Info="Platform configuration for FM Family microcontrollers with Evaluation Board SK-FM3-176PMC-FA
This file is included in the Spansion SDK. Contact Spansion Inc. for any further information." Path=""></Config>
		<Config Name="SK-FM3-176PMC-FA" Info="Sample Application for EtherCAT on FM Family microcontrollers with Evaluation Board SK-FM3-176PMC-FA
This file is included in the Spansion SDK. Contact Spansion Inc. for any further information." Path=""></Config>
	</Vendor>
</ConfigLinks>
